{
    "1": {
        "precision": 0.9512195121951219,
        "recall": 0.7536231884057971,
        "f1": 0.8409703504043126,
        "support": 207,
        "AP50": 0.8621910064159493,
        "AP75": 0.8621910064159493,
        "AP": 0.8354346768088392
    },
    "2": {
        "precision": 0.8866995073891626,
        "recall": 0.8866995073891626,
        "f1": 0.8866995073891626,
        "support": 203,
        "AP50": 0.9250484895245289,
        "AP75": 0.9226453470363671,
        "AP": 0.8209765095282743
    },
    "3": {
        "precision": 0.9888268156424581,
        "recall": 0.885,
        "f1": 0.9340369393139841,
        "support": 200,
        "AP50": 0.9373206742064821,
        "AP75": 0.9310717839720698,
        "AP": 0.8658061615079884
    },
    "4": {
        "precision": 0.9846938775510204,
        "recall": 0.9698492462311558,
        "f1": 0.9772151898734177,
        "support": 199,
        "AP50": 0.9795932896992622,
        "AP75": 0.9765844723692712,
        "AP": 0.9343754060370696
    },
    "5": {
        "precision": 0.9902439024390244,
        "recall": 0.9950980392156863,
        "f1": 0.9926650366748165,
        "support": 204,
        "AP50": 0.9900014632005074,
        "AP75": 0.9827037157561103,
        "AP": 0.909273300581814
    },
    "6": {
        "precision": 0.8032128514056225,
        "recall": 1.0,
        "f1": 0.89086859688196,
        "support": 200,
        "AP50": 0.9889332105318611,
        "AP75": 0.9863061007578354,
        "AP": 0.9740479604322196
    },
    "7": {
        "precision": 0.8936170212765957,
        "recall": 0.8316831683168316,
        "f1": 0.8615384615384615,
        "support": 202,
        "AP50": 0.8888147941700156,
        "AP75": 0.8667745212438822,
        "AP": 0.8264364006935789
    },
    "8": {
        "precision": 0.9946236559139785,
        "recall": 0.925,
        "f1": 0.9585492227979274,
        "support": 200,
        "AP50": 0.9575570460271832,
        "AP75": 0.9575570460271832,
        "AP": 0.8545438529233838
    },
    "9": {
        "precision": 0.8918918918918919,
        "recall": 0.9473684210526315,
        "f1": 0.9187935034802783,
        "support": 209,
        "AP50": 0.9498048651770528,
        "AP75": 0.9498048651770528,
        "AP": 0.9192723263315423
    },
    "10": {
        "precision": 1.0,
        "recall": 0.9411764705882353,
        "f1": 0.9696969696969697,
        "support": 204,
        "AP50": 0.9658415841584159,
        "AP75": 0.9627897308961664,
        "AP": 0.943778076963931
    },
    "11": {
        "precision": 1.0,
        "recall": 0.725,
        "f1": 0.8405797101449275,
        "support": 200,
        "AP50": 0.8588658865886588,
        "AP75": 0.8588658865886588,
        "AP": 0.8028404987673412
    },
    "global": {
        "precision": 0.9379990605918271,
        "recall": 0.8963195691202872,
        "f1": 0.9166857929768188,
        "support": 2228,
        "mAP50": 0.9367247554272652,
        "mAP75": 0.9324813160218678,
        "mAP": 0.8806168336887257,
        "names": {}
    }
}